review_order,output_name,original_name,clip_type,edf_filename,selection_type,ieeg_file_name,timestamp_sec,spikenet2_probability,localized_channel,best_channel_1,best_prob_1,best_channel_2,best_prob_2,ieeg_file,patient_id,epilat,epiloc,clip_start_sec,clip_end_sec,spike_time_sec,sn2_prob,baseline_score,best_score_1,best_score_2,Fp1_occ_score,F3_occ_score,C3_occ_score,P3_occ_score,F7_occ_score,T3_occ_score,T5_occ_score,O1_occ_score,Fp2_occ_score,F4_occ_score,C4_occ_score,P4_occ_score,F8_occ_score,T4_occ_score,T6_occ_score,O2_occ_score
1,EMU2591_Day01_1_48996.5.edf,spike_EMU2591_Day01_1_48996.5000.edf,spike,spike_EMU2591_Day01_1_48996.5000.edf,spike,EMU2591_Day01_1,48996.5,0.9639304876327516,C4,C4,0.7729032635688782,Fp1,0.824810802936554,,,,,,,,,,,,,,,,,,,,,,,,,,,
2,EMU2591_Day01_1_35183.5.edf,spike_EMU2591_Day01_1_35183.5000.edf,spike,spike_EMU2591_Day01_1_35183.5000.edf,spike,EMU2591_Day01_1,35183.5,0.9827112555503844,Fp2,Fp2,0.917474091053009,F4,0.9539542198181152,,,,,,,,,,,,,,,,,,,,,,,,,,,
3,EMU2673_Day01_1_29398.7539.edf,spike_EMU2673_Day01_1_29398.7539.edf,spike,spike_EMU2673_Day01_1_29398.7539.edf,spike,EMU2673_Day01_1,29398.753906,0.8687839508056641,P4,P4,0.410318523645401,C4,0.5209707021713257,,,,,,,,,,,,,,,,,,,,,,,,,,,
4,EMU1994_Day01_1_3148.5625.edf,left_frontal_EMU1994_Day01_1_3148.5625.edf,left_frontal,left_frontal_EMU1994_Day01_1_3148.5625.edf,left_frontal,EMU1994_Day01_1,3148.5625,0.8799501657485962,F4,F4,,F3,,EMU1994_Day01_1,891,left,frontal,2414.0625,3500.0,3148.5625,0.8799501657485962,0.8800967931747437,0.5150493383407593,0.6051134467124939,0.7540169954299927,0.6051134467124939,0.8888136148452759,0.8887109756469727,0.8169949054718018,0.8812538981437683,0.8752325773239136,0.9184241890907288,0.8739561438560486,0.5150493383407593,0.8847671151161194,0.8481975793838501,0.6580890417098999,0.8040162920951843,0.8455796241760254,0.9363277554512024
5,EMU0971_Day01_1_45413.125.edf,spike_EMU0971_Day01_1_45413.1250.edf,spike,spike_EMU0971_Day01_1_45413.1250.edf,spike,EMU0971_Day01_1,45413.125,0.8465784788131714,T6,T6,0.2374412566423416,P4,0.5933898687362671,,,,,,,,,,,,,,,,,,,,,,,,,,,
6,EMU2496_Day01_1_50896.7109.edf,left_frontal_EMU2496_Day01_1_50896.7109.edf,left_frontal,left_frontal_EMU2496_Day01_1_50896.7109.edf,left_frontal,EMU2496_Day01_1,50896.710936999996,0.8360787630081177,F8,F8,,T4,,EMU2496_Day01_1,1161,left,frontal,3898.148437,66902.972656,50896.710936999996,0.8360787630081177,0.8358376622200012,0.022329356521368027,0.08138169348239899,0.8805432319641113,0.6868481040000916,0.3504619300365448,0.8177342414855957,0.8059929609298706,0.6591018438339233,0.8649553656578064,0.6678251624107361,0.6349029541015625,0.754961371421814,0.8409985303878784,0.8824875354766846,0.022329356521368027,0.08138169348239899,0.31615471839904785,0.7491649389266968
7,EMU2591_Day01_1_21002.5625.edf,spike_EMU2591_Day01_1_21002.5625.edf,spike,spike_EMU2591_Day01_1_21002.5625.edf,spike,EMU2591_Day01_1,21002.5625,0.9691103100776672,Fp2,Fp2,0.7949771285057068,F4,0.8749803304672241,,,,,,,,,,,,,,,,,,,,,,,,,,,
8,EMU2591_Day01_1_37320.625.edf,spike_EMU2591_Day01_1_37320.6250.edf,spike,spike_EMU2591_Day01_1_37320.6250.edf,spike,EMU2591_Day01_1,37320.625,0.9441611170768738,O1,O1,0.7114575505256653,C4,0.747467577457428,,,,,,,,,,,,,,,,,,,,,,,,,,,
9,EMU1588_Day05_1_78612.3125.edf,right_frontal_EMU1588_Day05_1_78612.3125.edf,right_frontal,right_frontal_EMU1588_Day05_1_78612.3125.edf,right_frontal,EMU1588_Day05_1,78612.3125,0.8893018960952759,F8,F8,,T4,,EMU1588_Day05_1,459,right,frontal,78601.5625,78730.46875,78612.3125,0.8893018960952759,0.8890624046325684,0.2641502618789673,0.605699360370636,0.8536433577537537,0.8037347793579102,0.6672370433807373,0.8518497347831726,0.8851836919784546,0.8061982989311218,0.8912566900253296,0.903127908706665,0.7709909081459045,0.8209908604621887,0.8664620518684387,0.8041237592697144,0.2641502618789673,0.605699360370636,0.9133467674255372,0.8310663104057312
10,EMU2591_Day01_1_39231.875.edf,spike_EMU2591_Day01_1_39231.8750.edf,spike,spike_EMU2591_Day01_1_39231.8750.edf,spike,EMU2591_Day01_1,39231.875,0.9679769277572632,Fp2,Fp2,0.8731189966201782,F3,0.8881202936172485,,,,,,,,,,,,,,,,,,,,,,,,,,,
11,EMU0844_Day04_1_55847.5938.edf,left_frontal_EMU0844_Day04_1_55847.5938.edf,left_frontal,left_frontal_EMU0844_Day04_1_55847.5938.edf,left_frontal,EMU0844_Day04_1,55847.59375,0.8361811637878418,C4,C4,,Fp2,,EMU0844_Day04_1,6,left,frontal,55714.84375,56933.59375,55847.59375,0.8361811637878418,0.834510087966919,0.1043564975261688,0.1754191070795059,0.8646751642227173,0.7597156167030334,0.476000964641571,0.4656912386417389,0.864655077457428,0.4028396904468536,0.7820776104927063,0.7659021615982056,0.1754191070795059,0.7936890125274658,0.1043564975261688,0.7222627401351929,0.7482694387435913,0.6938473582267761,0.2824434638023376,0.5685648322105408
12,EMU2591_Day01_1_49263.25.edf,spike_EMU2591_Day01_1_49263.2500.edf,spike,spike_EMU2591_Day01_1_49263.2500.edf,spike,EMU2591_Day01_1,49263.25,0.8749345541000366,O2,O2,0.5564801096916199,O1,0.6814494729042053,,,,,,,,,,,,,,,,,,,,,,,,,,,
13,EMU2591_Day01_1_37336.125.edf,spike_EMU2591_Day01_1_37336.1250.edf,spike,spike_EMU2591_Day01_1_37336.1250.edf,spike,EMU2591_Day01_1,37336.125,0.972861349582672,F4,F4,0.900786280632019,F8,0.9219544529914856,,,,,,,,,,,,,,,,,,,,,,,,,,,
14,EMU2591_Day01_1_48934.375.edf,spike_EMU2591_Day01_1_48934.3750.edf,spike,spike_EMU2591_Day01_1_48934.3750.edf,spike,EMU2591_Day01_1,48934.375,0.9432595372200012,F3,F3,0.784003496170044,F4,0.8452990055084229,,,,,,,,,,,,,,,,,,,,,,,,,,,
15,EMU2591_Day01_1_48633.1875.edf,spike_EMU2591_Day01_1_48633.1875.edf,spike,spike_EMU2591_Day01_1_48633.1875.edf,spike,EMU2591_Day01_1,48633.1875,0.923351526260376,F7,F7,0.6535012125968933,O1,0.6644611954689026,,,,,,,,,,,,,,,,,,,,,,,,,,,
16,EMU2591_Day01_1_37287.3125.edf,spike_EMU2591_Day01_1_37287.3125.edf,spike,spike_EMU2591_Day01_1_37287.3125.edf,spike,EMU2591_Day01_1,37287.3125,0.8738992810249329,T3,T3,0.7357048392295837,T4,0.7544487118721008,,,,,,,,,,,,,,,,,,,,,,,,,,,
17,EMU2591_Day01_1_42440.9375.edf,spike_EMU2591_Day01_1_42440.9375.edf,spike,spike_EMU2591_Day01_1_42440.9375.edf,spike,EMU2591_Day01_1,42440.9375,0.8883717060089111,T3,T3,0.6195748448371887,O2,0.6775106191635132,,,,,,,,,,,,,,,,,,,,,,,,,,,
18,EMU1517_Day02_1_62432.3438.edf,right_frontal_EMU1517_Day02_1_62432.3438.edf,right_frontal,right_frontal_EMU1517_Day02_1_62432.3438.edf,right_frontal,EMU1517_Day02_1,62432.34375,0.8291237354278564,Fp2,Fp2,,F3,,EMU1517_Day02_1,456,right,frontal,61980.46875,62945.3125,62432.34375,0.8291237354278564,0.8292273879051208,0.6624491214752197,0.6788278222084045,0.6960335969924927,0.6788278222084045,0.8852617144584656,0.8187646865844727,0.746596097946167,0.8240261077880859,0.7952301502227783,0.892539918422699,0.6624491214752197,0.792707622051239,0.8639565706253052,0.8732749819755554,0.7604814171791077,0.8727787137031555,0.90500408411026,0.8987535834312439
19,EMU2496_Day01_1_59079.2109.edf,left_frontal_EMU2496_Day01_1_59079.2109.edf,left_frontal,left_frontal_EMU2496_Day01_1_59079.2109.edf,left_frontal,EMU2496_Day01_1,59079.210936999996,0.801917552947998,T3,T3,,O1,,EMU2496_Day01_1,1161,left,frontal,3898.148437,66902.972656,59079.210936999996,0.801917552947998,0.8017861843109131,0.0082556726410985,0.08587295562028885,0.9186004400253296,0.25465404987335205,0.8899811506271362,0.29839739203453064,0.8445211052894592,0.0082556726410985,0.4007302522659302,0.08587295562028885,0.5986710786819458,0.6059392690658569,0.4712740182876587,0.5669200420379639,0.7714186310768127,0.7817685604095459,0.53675776720047,0.2958339750766754
20,EMU2206_Day01_1_32183.9688.edf,spike_EMU2206_Day01_1_32183.9688.edf,spike,spike_EMU2206_Day01_1_32183.9688.edf,spike,EMU2206_Day01_1,32183.96875,0.9414966702461244,C3,C3,0.5004384517669678,F3,0.7086507678031921,,,,,,,,,,,,,,,,,,,,,,,,,,,
21,EMU2535_Day01_1_27132.7188.edf,left_frontal_EMU2535_Day01_1_27132.7188.edf,left_frontal,left_frontal_EMU2535_Day01_1_27132.7188.edf,left_frontal,EMU2535_Day01_1,27132.71875,0.9044440984725952,F3,F3,,F7,,EMU2535_Day01_1,1068,left,frontal,16243.15625,54111.589843,27132.71875,0.9044440984725952,0.8902574181556702,0.25455746054649353,0.40598633885383606,0.8429573774337769,0.25455746054649353,0.7369371652603149,0.8959378600120544,0.40598633885383606,0.6881992816925049,0.9091177582740784,0.8068398833274841,0.8871387839317322,0.851234495639801,0.8877803087234497,0.9373310804367065,0.8730183243751526,0.8376033902168274,0.9481590986251831,0.8334628939628601
22,EMU2591_Day01_1_35575.5.edf,spike_EMU2591_Day01_1_35575.5000.edf,spike,spike_EMU2591_Day01_1_35575.5000.edf,spike,EMU2591_Day01_1,35575.5,0.8983253836631775,C4,C4,0.5189222693443298,T3,0.6780492067337036,,,,,,,,,,,,,,,,,,,,,,,,,,,
23,EMU2591_Day01_1_49035.5625.edf,spike_EMU2591_Day01_1_49035.5625.edf,spike,spike_EMU2591_Day01_1_49035.5625.edf,spike,EMU2591_Day01_1,49035.5625,0.8677123188972473,O2,O2,0.7631381154060364,T4,0.7633017897605896,,,,,,,,,,,,,,,,,,,,,,,,,,,
24,EMU1517_Day05_1_25964.7812.edf,right_frontal_EMU1517_Day05_1_25964.7812.edf,right_frontal,right_frontal_EMU1517_Day05_1_25964.7812.edf,right_frontal,EMU1517_Day05_1,25964.78125,0.8207904696464539,Fp2,Fp2,,F3,,EMU1517_Day05_1,456,right,frontal,24832.03125,26242.1875,25964.78125,0.8207904696464539,0.8206892013549805,0.3535034358501434,0.4342933595180511,0.7916966080665588,0.4342933595180511,0.7285826206207275,0.9216561913490297,0.6827415227890015,0.8133935928344727,0.7866713404655457,0.8659986853599548,0.3535034358501434,0.843829333782196,0.6813416481018066,0.8437582850456238,0.6002953052520752,0.7102774381637573,0.7193211317062378,0.7731150984764099
25,EMU2591_Day01_1_35962.875.edf,spike_EMU2591_Day01_1_35962.8750.edf,spike,spike_EMU2591_Day01_1_35962.8750.edf,spike,EMU2591_Day01_1,35962.875,0.9551125168800354,F7,F7,0.8178799152374268,F4,0.8294700980186462,,,,,,,,,,,,,,,,,,,,,,,,,,,
26,EMU1588_Day06_1_2510.2812.edf,right_frontal_EMU1588_Day06_1_2510.2812.edf,right_frontal,right_frontal_EMU1588_Day06_1_2510.2812.edf,right_frontal,EMU1588_Day06_1,2510.28125,0.8384565711021423,T4,T4,,F8,,EMU1588_Day06_1,459,right,frontal,2238.28125,2941.40625,2510.28125,0.8384565711021423,0.8386939167976379,0.0129764312878251,0.0169195681810379,0.8823469281196594,0.5780724883079529,0.7146465182304382,0.7025501728057861,0.5756332278251648,0.595508873462677,0.636174201965332,0.8698260188102722,0.5783263444900513,0.6534601449966431,0.7419216632843018,0.5212355852127075,0.0169195681810379,0.0129764312878251,0.8479629755020142,0.8492431640625
27,EMU1588_Day01_1_18223.125.edf,right_frontal_EMU1588_Day01_1_18223.1250.edf,right_frontal,right_frontal_EMU1588_Day01_1_18223.1250.edf,right_frontal,EMU1588_Day01_1,18223.125,0.8967773914337158,F8,F8,,T4,,EMU1588_Day01_1,459,right,frontal,17890.625,18292.96875,18223.125,0.8967773914337158,0.8968597054481506,0.1884343475103378,0.2063075304031372,0.9155994653701782,0.8121598958969116,0.8786252737045288,0.8951467275619507,0.7751263380050659,0.7331850528717041,0.9724183678627014,0.9475333094596864,0.5975670218467712,0.945482611656189,0.9269096255302428,0.794416069984436,0.1884343475103378,0.2063075304031372,0.8972057104110718,0.8839685916900635
28,EMU1517_Day02_1_62215.2812.edf,right_frontal_EMU1517_Day02_1_62215.2812.edf,right_frontal,right_frontal_EMU1517_Day02_1_62215.2812.edf,right_frontal,EMU1517_Day02_1,62215.28125,0.8147107362747192,Fp1,Fp1,,T5,,EMU1517_Day02_1,456,right,frontal,61980.46875,62945.3125,62215.28125,0.8147107362747192,0.8148442506790161,0.1243314519524574,0.3347643315792084,0.1243314519524574,0.8670362830162048,0.7860229015350342,0.747109055519104,0.8463277816772461,0.7467413544654846,0.3347643315792084,0.9257182478904724,0.8290249109268188,0.6004037261009216,0.7442522048950195,0.7100374102592468,0.9248071908950806,0.6807639002799988,0.7919918298721313,0.8639786243438721
29,EMU2591_Day01_1_48273.5.edf,spike_EMU2591_Day01_1_48273.5000.edf,spike,spike_EMU2591_Day01_1_48273.5000.edf,spike,EMU2591_Day01_1,48273.5,0.9525408148765564,F4,F4,0.7604010701179504,F8,0.7784353494644165,,,,,,,,,,,,,,,,,,,,,,,,,,,
30,EMU1588_Day05_1_854.8438.edf,right_frontal_EMU1588_Day05_1_854.8438.edf,right_frontal,right_frontal_EMU1588_Day05_1_854.8438.edf,right_frontal,EMU1588_Day05_1,854.84375,0.8129712343215942,F8,F8,,T4,,EMU1588_Day05_1,459,right,frontal,503.90625,1281.25,854.84375,0.8129712343215942,0.8130918145179749,0.3935583829879761,0.6745361685752869,0.9388959407806396,0.7589070796966553,0.7257493138313293,0.8961943984031677,0.7075793743133545,0.8516985177993774,0.9307164549827576,0.7913394570350647,0.7826737761497498,0.7828718423843384,0.7882771492004395,0.6992030143737793,0.3935583829879761,0.6745361685752869,0.84412682056427,0.8202906250953674
31,EMU1517_Day02_1_62627.8438.edf,right_frontal_EMU1517_Day02_1_62627.8438.edf,right_frontal,right_frontal_EMU1517_Day02_1_62627.8438.edf,right_frontal,EMU1517_Day02_1,62627.84375,0.8294405341148376,Fp2,Fp2,,Fp1,,EMU1517_Day02_1,456,right,frontal,61980.46875,62945.3125,62627.84375,0.8294405341148376,0.8293712735176086,0.2821219265460968,0.3836427330970764,0.3836427330970764,0.8291888236999512,0.7783507704734802,0.7768915295600891,0.7104329466819763,0.7401182055473328,0.8455368876457214,0.8205297589302063,0.2821219265460968,0.8153867721557617,0.8195186853408813,0.8115403056144714,0.7607555389404297,0.8453746438026428,0.7786627411842346,0.788665235042572
32,EMU2591_Day01_1_48142.625.edf,spike_EMU2591_Day01_1_48142.6250.edf,spike,spike_EMU2591_Day01_1_48142.6250.edf,spike,EMU2591_Day01_1,48142.625,0.9178153872489928,C3,C3,0.7511612176895142,Fp2,0.7866829633712769,,,,,,,,,,,,,,,,,,,,,,,,,,,
33,EMU2591_Day01_1_16682.125.edf,spike_EMU2591_Day01_1_16682.1250.edf,spike,spike_EMU2591_Day01_1_16682.1250.edf,spike,EMU2591_Day01_1,16682.125,0.9759926199913024,T5,T5,0.9385918974876404,P3,0.947249948978424,,,,,,,,,,,,,,,,,,,,,,,,,,,
34,EMU2591_Day01_1_36743.75.edf,spike_EMU2591_Day01_1_36743.7500.edf,spike,spike_EMU2591_Day01_1_36743.7500.edf,spike,EMU2591_Day01_1,36743.75,0.8793374300003052,P4,P4,0.6764834523200989,C3,0.7074643969535828,,,,,,,,,,,,,,,,,,,,,,,,,,,
35,EMU2575_Day01_1_10.5703.edf,right_frontal_EMU2575_Day01_1_10.5703.edf,right_frontal,right_frontal_EMU2575_Day01_1_10.5703.edf,right_frontal,EMU2575_Day01_1,10.570312,0.9070930480957032,C4,C4,,P3,,EMU2575_Day01_1,1243,right,frontal,2.570312,137.171874,10.570312,0.9070930480957032,0.9052319526672364,0.2447932958602905,0.2882234156131744,0.8267524242401123,0.9073367118835448,0.9094923138618468,0.2882234156131744,0.9201026558876038,0.9003520607948303,0.9037120938301086,0.8897740244865417,0.9300681948661804,0.5078009963035583,0.2447932958602905,0.894858717918396,0.911091685295105,0.4170857071876526,0.9761424660682678,0.5385481119155884
36,EMU1588_Day06_1_2408.2188.edf,right_frontal_EMU1588_Day06_1_2408.2188.edf,right_frontal,right_frontal_EMU1588_Day06_1_2408.2188.edf,right_frontal,EMU1588_Day06_1,2408.21875,0.826195478439331,F8,F8,,T4,,EMU1588_Day06_1,459,right,frontal,2238.28125,2941.40625,2408.21875,0.826195478439331,0.8262298107147217,0.0286636929959058,0.3678764104843139,0.8701492547988892,0.8008647561073303,0.8457517027854919,0.8440199494361877,0.8388353586196899,0.6821180582046509,0.9003114700317383,0.8871367573738098,0.7733994126319885,0.7748119235038757,0.8052114248275757,0.619522750377655,0.0286636929959058,0.3678764104843139,0.8395414352416992,0.6742697358131409
37,EMU2591_Day01_1_48154.25.edf,spike_EMU2591_Day01_1_48154.2500.edf,spike,spike_EMU2591_Day01_1_48154.2500.edf,spike,EMU2591_Day01_1,48154.25,0.8438698649406433,P4,P4,0.5069677233695984,T4,0.525618314743042,,,,,,,,,,,,,,,,,,,,,,,,,,,
38,EMU2591_Day01_1_42343.375.edf,spike_EMU2591_Day01_1_42343.3750.edf,spike,spike_EMU2591_Day01_1_42343.3750.edf,spike,EMU2591_Day01_1,42343.375,0.8652069568634033,T3,T3,0.466783732175827,O1,0.4732324779033661,,,,,,,,,,,,,,,,,,,,,,,,,,,
39,EMU0844_Day07_1_47855.0938.edf,left_frontal_EMU0844_Day07_1_47855.0938.edf,left_frontal,left_frontal_EMU0844_Day07_1_47855.0938.edf,left_frontal,EMU0844_Day07_1,47855.09375,0.8582353591918945,P3,P3,,T6,,EMU0844_Day07_1,6,left,frontal,47089.84375,47960.9375,47855.09375,0.8582353591918945,0.8594070076942444,0.245873361825943,0.3880984485149383,0.8503891229629517,0.9644967317581176,0.5134806036949158,0.245873361825943,0.716497540473938,0.8330759406089783,0.8364315629005432,0.6780746579170227,0.7523019909858704,0.7890112400054932,0.7579157948493958,0.8027175068855286,0.5989663600921631,0.8315319418907166,0.3880984485149383,0.9097543358802797
40,EMU2591_Day01_1_6906.4766.edf,spike_EMU2591_Day01_1_6906.4766.edf,spike,spike_EMU2591_Day01_1_6906.4766.edf,spike,EMU2591_Day01_1,6906.476562,0.938504993915558,T6,T6,0.0080732218921184,F7,0.6624405384063721,,,,,,,,,,,,,,,,,,,,,,,,,,,
41,EMU2591_Day01_1_48299.8125.edf,spike_EMU2591_Day01_1_48299.8125.edf,spike,spike_EMU2591_Day01_1_48299.8125.edf,spike,EMU2591_Day01_1,48299.8125,0.873250424861908,T3,T3,0.73899245262146,Fp1,0.7773109674453735,,,,,,,,,,,,,,,,,,,,,,,,,,,
42,EMU2206_Day01_1_32529.6562.edf,spike_EMU2206_Day01_1_32529.6562.edf,spike,spike_EMU2206_Day01_1_32529.6562.edf,spike,EMU2206_Day01_1,32529.65625,0.925015926361084,F8,F8,0.4058032035827636,O2,0.5096409916877747,,,,,,,,,,,,,,,,,,,,,,,,,,,
43,EMU2487_Day01_1_4692.7852.edf,left_frontal_EMU2487_Day01_1_4692.7852.edf,left_frontal,left_frontal_EMU2487_Day01_1_4692.7852.edf,left_frontal,EMU2487_Day01_1,4692.785156,0.9002570509910583,P4,P4,,O1,,EMU2487_Day01_1,1234,left,frontal,4517.597656,4818.542968,4692.785156,0.9002570509910583,0.9014567136764526,0.00793598871678114,0.6822748184204102,0.9156544208526611,0.8703842163085938,0.9056972861289978,0.8264995217323303,0.9034885764122009,0.9392598867416382,0.9320534467697144,0.6822748184204102,0.8096781373023987,0.9049172401428223,0.9307392835617065,0.00793598871678114,0.8827208876609802,0.7704994678497314,0.7792984247207642,0.7805007100105286
44,EMU2591_Day01_1_47661.edf,spike_EMU2591_Day01_1_47661.0000.edf,spike,spike_EMU2591_Day01_1_47661.0000.edf,spike,EMU2591_Day01_1,47661.0,0.9525232315063475,T5,T5,0.8602527976036072,Fp1,0.8637945652008057,,,,,,,,,,,,,,,,,,,,,,,,,,,
45,EMU0971_Day01_1_15167.3125.edf,spike_EMU0971_Day01_1_15167.3125.edf,spike,spike_EMU0971_Day01_1_15167.3125.edf,spike,EMU0971_Day01_1,15167.3125,0.9265311360359192,O2,O2,0.7074873447418213,Fp2,0.7727986574172974,,,,,,,,,,,,,,,,,,,,,,,,,,,
46,EMU2591_Day01_1_37691.9375.edf,spike_EMU2591_Day01_1_37691.9375.edf,spike,spike_EMU2591_Day01_1_37691.9375.edf,spike,EMU2591_Day01_1,37691.9375,0.8807554244995117,O2,O2,0.344494491815567,Fp1,0.446948766708374,,,,,,,,,,,,,,,,,,,,,,,,,,,
47,EMU0971_Day01_1_27944.25.edf,spike_EMU0971_Day01_1_27944.2500.edf,spike,spike_EMU0971_Day01_1_27944.2500.edf,spike,EMU0971_Day01_1,27944.25,0.8793731927871704,P4,P4,0.0059021571651101,Fp2,0.6069689393043518,,,,,,,,,,,,,,,,,,,,,,,,,,,
48,EMU2591_Day01_1_34821.6875.edf,spike_EMU2591_Day01_1_34821.6875.edf,spike,spike_EMU2591_Day01_1_34821.6875.edf,spike,EMU2591_Day01_1,34821.6875,0.9715092182159424,F4,F4,0.9122215509414672,F3,0.9183881878852844,,,,,,,,,,,,,,,,,,,,,,,,,,,
49,EMU2480_Day01_1_9054.8242.edf,spike_EMU2480_Day01_1_9054.8242.edf,spike,spike_EMU2480_Day01_1_9054.8242.edf,spike,EMU2480_Day01_1,9054.824218,0.9163836240768432,P3,P3,0.4634475409984588,Fp1,0.6745641827583313,,,,,,,,,,,,,,,,,,,,,,,,,,,
50,EMU2591_Day01_1_47461.0625.edf,spike_EMU2591_Day01_1_47461.0625.edf,spike,spike_EMU2591_Day01_1_47461.0625.edf,spike,EMU2591_Day01_1,47461.0625,0.9126538038253784,C3,C3,0.6802046298980713,F4,0.7635228037834167,,,,,,,,,,,,,,,,,,,,,,,,,,,
51,EMU2591_Day01_1_35388.75.edf,spike_EMU2591_Day01_1_35388.7500.edf,spike,spike_EMU2591_Day01_1_35388.7500.edf,spike,EMU2591_Day01_1,35388.75,0.9158169031143188,Fp1,Fp1,0.600072979927063,T5,0.7809802889823914,,,,,,,,,,,,,,,,,,,,,,,,,,,
52,EMU2206_Day01_1_52045.0312.edf,spike_EMU2206_Day01_1_52045.0312.edf,spike,spike_EMU2206_Day01_1_52045.0312.edf,spike,EMU2206_Day01_1,52045.03125,0.9481235146522522,T4,T4,0.0640282556414604,F8,0.7430469989776611,,,,,,,,,,,,,,,,,,,,,,,,,,,
53,EMU1517_Day02_1_73303.2188.edf,right_frontal_EMU1517_Day02_1_73303.2188.edf,right_frontal,right_frontal_EMU1517_Day02_1_73303.2188.edf,right_frontal,EMU1517_Day02_1,73303.21875,0.8163367509841919,F7,F7,,T4,,EMU1517_Day02_1,456,right,frontal,73042.96875,73761.71875,73303.21875,0.8163367509841919,0.8160648345947266,0.5268431901931763,0.545174777507782,0.6536936163902283,0.7465888261795044,0.6304107904434204,0.813535749912262,0.5268431901931763,0.7850319743156433,0.6099164485931396,0.7797942757606506,0.8360427618026733,0.7270716428756714,0.8501456379890442,0.7924076318740845,0.7930111289024353,0.545174777507782,0.8572368025779724,0.7131213545799255
54,EMU2591_Day01_1_35092.9375.edf,spike_EMU2591_Day01_1_35092.9375.edf,spike,spike_EMU2591_Day01_1_35092.9375.edf,spike,EMU2591_Day01_1,35092.9375,0.9437211751937866,F3,F3,0.826808750629425,P3,0.8565613031387329,,,,,,,,,,,,,,,,,,,,,,,,,,,
55,EMU1588_Day01_1_18765.2188.edf,right_frontal_EMU1588_Day01_1_18765.2188.edf,right_frontal,right_frontal_EMU1588_Day01_1_18765.2188.edf,right_frontal,EMU1588_Day01_1,18765.21875,0.9265378713607788,T4,T4,,F8,,EMU1588_Day01_1,459,right,frontal,18722.65625,18968.75,18765.21875,0.9265378713607788,0.9266703128814696,0.0312586836516857,0.0980642884969711,0.9340669512748718,0.9114778637886048,0.9129949808120728,0.9146026968955994,0.9033269882202148,0.7923585176467896,0.8657233119010925,0.9717459678649902,0.845564067363739,0.9204466342926024,0.7823967933654785,0.7496389150619507,0.0980642884969711,0.0312586836516857,0.9063727855682372,0.9368403553962708
56,EMU1517_Day05_1_26023.3438.edf,right_frontal_EMU1517_Day05_1_26023.3438.edf,right_frontal,right_frontal_EMU1517_Day05_1_26023.3438.edf,right_frontal,EMU1517_Day05_1,26023.34375,0.8052565455436707,Fp2,Fp2,,F3,,EMU1517_Day05_1,456,right,frontal,24832.03125,26242.1875,26023.34375,0.8052565455436707,0.8050897717475891,0.4905339777469635,0.5976069569587708,0.7766891121864319,0.5976069569587708,0.8003653287887573,0.8721296787261963,0.7767623662948608,0.7985048294067383,0.8318712711334229,0.8026518225669861,0.4905339777469635,0.8242536783218384,0.8514807820320129,0.8511475324630737,0.8570504188537598,0.7013896703720093,0.7691831588745117,0.8053625226020813
57,EMU1404_Day01_1_37542.7812.edf,left_frontal_EMU1404_Day01_1_37542.7812.edf,left_frontal,left_frontal_EMU1404_Day01_1_37542.7812.edf,left_frontal,EMU1404_Day01_1,37542.78125,0.8268567323684692,Fp1,Fp1,,Fp2,,EMU1404_Day01_1,505,left,frontal,37316.40625,37851.5625,37542.78125,0.8268567323684692,0.8270151019096375,0.360973596572876,0.4037090837955475,0.360973596572876,0.8351399302482605,0.4510137140750885,0.6188638806343079,0.8899158239364624,0.7525513768196106,0.8199424147605896,0.6910373568534851,0.4037090837955475,0.4687602818012237,0.7170832753181458,0.6633807420730591,0.922830045223236,0.5634466409683228,0.7700499296188354,0.4471361041069031
58,EMU1588_Day01_1_18818.5938.edf,right_frontal_EMU1588_Day01_1_18818.5938.edf,right_frontal,right_frontal_EMU1588_Day01_1_18818.5938.edf,right_frontal,EMU1588_Day01_1,18818.59375,0.8645500540733337,F8,F8,,T4,,EMU1588_Day01_1,459,right,frontal,18722.65625,18968.75,18818.59375,0.8645500540733337,0.86448073387146,0.2764140665531158,0.4704375863075256,0.8996005654335022,0.8505470752716064,0.8289564251899719,0.9334256052970886,0.7969294786453247,0.8171821236610413,0.9509319067001344,0.9234499931335448,0.8663601875305176,0.7125430107116699,0.6917089819908142,0.8352019190788269,0.2764140665531158,0.4704375863075256,0.866592288017273,0.7567004561424255
59,EMU2591_Day01_1_37267.8125.edf,spike_EMU2591_Day01_1_37267.8125.edf,spike,spike_EMU2591_Day01_1_37267.8125.edf,spike,EMU2591_Day01_1,37267.8125,0.9838862419128418,Fp1,Fp1,0.8560755252838135,C4,0.8854684233665466,,,,,,,,,,,,,,,,,,,,,,,,,,,
60,EMU2575_Day01_1_44287.2383.edf,right_frontal_EMU2575_Day01_1_44287.2383.edf,right_frontal,right_frontal_EMU2575_Day01_1_44287.2383.edf,right_frontal,EMU2575_Day01_1,44287.238281,0.8048253059387207,C4,C4,,T4,,EMU2575_Day01_1,1243,right,frontal,4250.863281,59402.566406,44287.238281,0.8048253059387207,0.8034437298774719,0.5181529521942139,0.5405805706977844,0.7843922972679138,0.695040225982666,0.882673978805542,0.7468571066856384,0.7843274474143982,0.6040811538696289,0.8001728653907776,0.7803359627723694,0.8831533193588257,0.9182321429252625,0.5181529521942139,0.8558972477912903,0.5870412588119507,0.5405805706977844,0.807737410068512,0.8522362112998962
61,EMU2591_Day01_1_36032.875.edf,spike_EMU2591_Day01_1_36032.8750.edf,spike,spike_EMU2591_Day01_1_36032.8750.edf,spike,EMU2591_Day01_1,36032.875,0.8718981742858887,F8,F8,0.5501628518104553,P3,0.599558413028717,,,,,,,,,,,,,,,,,,,,,,,,,,,
62,EMU2496_Day01_1_54171.8359.edf,left_frontal_EMU2496_Day01_1_54171.8359.edf,left_frontal,left_frontal_EMU2496_Day01_1_54171.8359.edf,left_frontal,EMU2496_Day01_1,54171.835936999996,0.8796614408493042,F8,F8,,C3,,EMU2496_Day01_1,1161,left,frontal,3898.148437,66902.972656,54171.835936999996,0.8796614408493042,0.8795143961906433,0.007656659930944443,0.15196168422698975,0.7212356328964233,0.6464098691940308,0.15196168422698975,0.8278194069862366,0.6436510682106018,0.749282717704773,0.6835099458694458,0.701604962348938,0.8677656650543213,0.7580156326293945,0.9369775056838989,0.8769550323486328,0.007656659930944443,0.7780278921127319,0.5256400108337402,0.8937578201293945
63,EMU1588_Day01_1_20077.edf,right_frontal_EMU1588_Day01_1_20077.0000.edf,right_frontal,right_frontal_EMU1588_Day01_1_20077.0000.edf,right_frontal,EMU1588_Day01_1,20077.0,0.8022622466087341,T4,T4,,F8,,EMU1588_Day01_1,459,right,frontal,20023.4375,20531.25,20077.0,0.8022622466087341,0.8022928237915039,0.0660319849848747,0.0852814689278602,0.7090283036231995,0.7034436464309692,0.7765902876853943,0.8279639482498169,0.8959623575210571,0.6816659569740295,0.8073542714118958,0.7698162794113159,0.6523953676223755,0.9164411425590516,0.7446668744087219,0.7250888347625732,0.0852814689278602,0.0660319849848747,0.8784653544425964,0.7182868719100952
64,EMU2591_Day01_1_49274.9375.edf,spike_EMU2591_Day01_1_49274.9375.edf,spike,spike_EMU2591_Day01_1_49274.9375.edf,spike,EMU2591_Day01_1,49274.9375,0.9275957942008972,Fp1,Fp1,0.8047353029251099,O1,0.875000536441803,,,,,,,,,,,,,,,,,,,,,,,,,,,
65,EMU2591_Day01_1_36184.75.edf,spike_EMU2591_Day01_1_36184.7500.edf,spike,spike_EMU2591_Day01_1_36184.7500.edf,spike,EMU2591_Day01_1,36184.75,0.9731075167655944,T3,T3,0.9054089784622192,F3,0.91780287027359,,,,,,,,,,,,,,,,,,,,,,,,,,,
66,EMU1588_Day05_1_629.9688.edf,right_frontal_EMU1588_Day05_1_629.9688.edf,right_frontal,right_frontal_EMU1588_Day05_1_629.9688.edf,right_frontal,EMU1588_Day05_1,629.96875,0.8028146028518677,T4,T4,,F8,,EMU1588_Day05_1,459,right,frontal,503.90625,1281.25,629.96875,0.8028146028518677,0.8025162816047668,0.0077498764730989,0.0292139127850532,0.828752338886261,0.7448936700820923,0.4698849618434906,0.7161262035369873,0.8821577429771423,0.6515944004058838,0.8396485447883606,0.7970468997955322,0.8581157922744751,0.7358999252319336,0.2953416109085083,0.653885006904602,0.0292139127850532,0.0077498764730989,0.8056321144104004,0.4829907119274139
67,EMU2591_Day01_1_37769.edf,spike_EMU2591_Day01_1_37769.0000.edf,spike,spike_EMU2591_Day01_1_37769.0000.edf,spike,EMU2591_Day01_1,37769.0,0.9493680000305176,P3,P3,0.7794689536094666,F4,0.8924055695533752,,,,,,,,,,,,,,,,,,,,,,,,,,,
68,EMU2591_Day01_1_35093.9375.edf,spike_EMU2591_Day01_1_35093.9375.edf,spike,spike_EMU2591_Day01_1_35093.9375.edf,spike,EMU2591_Day01_1,35093.9375,0.9795160889625548,P3,P3,0.9289178252220154,C3,0.9323415756225586,,,,,,,,,,,,,,,,,,,,,,,,,,,
69,EMU2591_Day01_1_37725.875.edf,spike_EMU2591_Day01_1_37725.8750.edf,spike,spike_EMU2591_Day01_1_37725.8750.edf,spike,EMU2591_Day01_1,37725.875,0.8969327211380005,O1,O1,0.6141566038131714,Fp1,0.6810452342033386,,,,,,,,,,,,,,,,,,,,,,,,,,,
70,EMU2591_Day01_1_49236.8125.edf,spike_EMU2591_Day01_1_49236.8125.edf,spike,spike_EMU2591_Day01_1_49236.8125.edf,spike,EMU2591_Day01_1,49236.8125,0.9134641289711,O1,O1,0.7486585378646851,F7,0.8449814915657043,,,,,,,,,,,,,,,,,,,,,,,,,,,
71,EMU2591_Day01_1_35340.9375.edf,spike_EMU2591_Day01_1_35340.9375.edf,spike,spike_EMU2591_Day01_1_35340.9375.edf,spike,EMU2591_Day01_1,35340.9375,0.8985430002212524,T6,T6,0.8307834267616272,O2,0.8385339975357056,,,,,,,,,,,,,,,,,,,,,,,,,,,
72,EMU2591_Day01_1_36195.edf,spike_EMU2591_Day01_1_36195.0000.edf,spike,spike_EMU2591_Day01_1_36195.0000.edf,spike,EMU2591_Day01_1,36195.0,0.8836849927902222,F8,F8,0.5585915446281433,C4,0.757079005241394,,,,,,,,,,,,,,,,,,,,,,,,,,,
73,EMU2591_Day01_1_42260.75.edf,spike_EMU2591_Day01_1_42260.7500.edf,spike,spike_EMU2591_Day01_1_42260.7500.edf,spike,EMU2591_Day01_1,42260.75,0.937584102153778,O1,O1,0.720147430896759,Fp2,0.7974363565444946,,,,,,,,,,,,,,,,,,,,,,,,,,,
74,EMU2591_Day01_1_35325.25.edf,spike_EMU2591_Day01_1_35325.2500.edf,spike,spike_EMU2591_Day01_1_35325.2500.edf,spike,EMU2591_Day01_1,35325.25,0.9370809197425842,T4,T4,0.8749732375144958,C3,0.8751389980316162,,,,,,,,,,,,,,,,,,,,,,,,,,,
75,EMU2591_Day01_1_48123.625.edf,spike_EMU2591_Day01_1_48123.6250.edf,spike,spike_EMU2591_Day01_1_48123.6250.edf,spike,EMU2591_Day01_1,48123.625,0.8814846277236938,F8,F8,0.5801123380661011,F4,0.6987830400466919,,,,,,,,,,,,,,,,,,,,,,,,,,,
76,EMU2591_Day01_1_48745.0625.edf,spike_EMU2591_Day01_1_48745.0625.edf,spike,spike_EMU2591_Day01_1_48745.0625.edf,spike,EMU2591_Day01_1,48745.0625,0.9331729412078856,C4,C4,0.751278281211853,F4,0.8060225248336792,,,,,,,,,,,,,,,,,,,,,,,,,,,
77,EMU2591_Day01_1_35796.5.edf,spike_EMU2591_Day01_1_35796.5000.edf,spike,spike_EMU2591_Day01_1_35796.5000.edf,spike,EMU2591_Day01_1,35796.5,0.9174985885620116,F8,F8,0.7215978503227234,Fp1,0.7395405173301697,,,,,,,,,,,,,,,,,,,,,,,,,,,
78,EMU2591_Day01_1_49211.edf,spike_EMU2591_Day01_1_49211.0000.edf,spike,spike_EMU2591_Day01_1_49211.0000.edf,spike,EMU2591_Day01_1,49211.0,0.9390679001808168,Fp1,Fp1,0.7582364678382874,F8,0.7821200489997864,,,,,,,,,,,,,,,,,,,,,,,,,,,
79,EMU2594_Day01_1_5148.1953.edf,left_frontal_EMU2594_Day01_1_5148.1953.edf,left_frontal,left_frontal_EMU2594_Day01_1_5148.1953.edf,left_frontal,EMU2594_Day01_1,5148.195312,0.8143689036369324,T3,T3,,C3,,EMU2594_Day01_1,1144,left,frontal,2.320312,40538.492187,5148.195312,0.8143689036369324,0.8163567781448364,0.27140337228775024,0.39271506667137146,0.5228462219238281,0.5093467831611633,0.39271506667137146,0.8203172087669373,0.6352266073226929,0.27140337228775024,0.7305683493614197,0.8592289686203003,0.6447860598564148,0.7385620474815369,0.6702379584312439,0.6906335949897766,0.7105501294136047,0.8075961470603943,0.6204060316085815,0.5666201114654541
80,EMU2591_Day01_1_14503.2227.edf,spike_EMU2591_Day01_1_14503.2227.edf,spike,spike_EMU2591_Day01_1_14503.2227.edf,spike,EMU2591_Day01_1,14503.222656,0.9754544496536256,T4,T4,0.912581503391266,F3,0.9129995703697203,,,,,,,,,,,,,,,,,,,,,,,,,,,
81,EMU1588_Day05_1_2968.625.edf,right_frontal_EMU1588_Day05_1_2968.6250.edf,right_frontal,right_frontal_EMU1588_Day05_1_2968.6250.edf,right_frontal,EMU1588_Day05_1,2968.625,0.9295681715011596,F8,F8,,T4,,EMU1588_Day05_1,459,right,frontal,2765.625,3468.75,2968.625,0.9295681715011596,0.9296641945838928,0.0438034273684024,0.6316050291061401,0.9546912908554076,0.8488697409629822,0.7947909832000732,0.9169679284095764,0.8844815492630005,0.9260479211807252,0.9654842615127563,0.8631525039672852,0.8122650980949402,0.8695423603057861,0.9119856357574464,0.8242474794387817,0.0438034273684024,0.6316050291061401,0.9563720226287842,0.8686908483505249
82,EMU2591_Day01_1_34822.6875.edf,spike_EMU2591_Day01_1_34822.6875.edf,spike,spike_EMU2591_Day01_1_34822.6875.edf,spike,EMU2591_Day01_1,34822.6875,0.9676346778869628,P3,P3,0.7114143967628479,F3,0.8777221441268921,,,,,,,,,,,,,,,,,,,,,,,,,,,
83,EMU2591_Day01_1_34872.25.edf,spike_EMU2591_Day01_1_34872.2500.edf,spike,spike_EMU2591_Day01_1_34872.2500.edf,spike,EMU2591_Day01_1,34872.25,0.948988139629364,F4,F4,0.6953839063644409,P3,0.8221331834793091,,,,,,,,,,,,,,,,,,,,,,,,,,,
84,EMU1517_Day05_1_26004.5312.edf,right_frontal_EMU1517_Day05_1_26004.5312.edf,right_frontal,right_frontal_EMU1517_Day05_1_26004.5312.edf,right_frontal,EMU1517_Day05_1,26004.53125,0.8211675882339478,O2,O2,,O1,,EMU1517_Day05_1,456,right,frontal,24832.03125,26242.1875,26004.53125,0.8211675882339478,0.8213828206062317,0.6905954480171204,0.7030145525932312,0.7374916076660156,0.7677416205406189,0.8839053511619568,0.9207559823989868,0.7568787336349487,0.7578028440475464,0.860339879989624,0.7030145525932312,0.7488238215446472,0.8922629952430725,0.7620389461517334,0.8839285969734192,0.8110615611076355,0.7897735834121704,0.912655472755432,0.6905954480171204
85,EMU2591_Day01_1_6960.8516.edf,spike_EMU2591_Day01_1_6960.8516.edf,spike,spike_EMU2591_Day01_1_6960.8516.edf,spike,EMU2591_Day01_1,6960.851562,0.9416298866271972,T4,T4,0.0210978463292121,P3,0.4255006909370422,,,,,,,,,,,,,,,,,,,,,,,,,,,
86,EMU2487_Day01_1_13109.3672.edf,left_frontal_EMU2487_Day01_1_13109.3672.edf,left_frontal,left_frontal_EMU2487_Day01_1_13109.3672.edf,left_frontal,EMU2487_Day01_1,13109.367187,0.8526689410209656,F3,F3,,F8,,EMU2487_Day01_1,1234,left,frontal,5198.554687,18107.074218,13109.367187,0.8526689410209656,0.6587451100349426,0.15593333542346954,0.2573702037334442,0.6582691669464111,0.15593333542346954,0.4608002007007599,0.3431946635246277,0.542716920375824,0.3661215603351593,0.4212496876716614,0.688266932964325,0.6108301281929016,0.34709134697914124,0.2718058228492737,0.7127705216407776,0.2573702037334442,0.3089297413825989,0.4010942280292511,0.6796061396598816
87,EMU2591_Day01_1_36635.8125.edf,spike_EMU2591_Day01_1_36635.8125.edf,spike,spike_EMU2591_Day01_1_36635.8125.edf,spike,EMU2591_Day01_1,36635.8125,0.9313105940818788,C3,C3,0.7664699554443359,O2,0.7830842137336731,,,,,,,,,,,,,,,,,,,,,,,,,,,
88,EMU2496_Day01_1_22672.5859.edf,left_frontal_EMU2496_Day01_1_22672.5859.edf,left_frontal,left_frontal_EMU2496_Day01_1_22672.5859.edf,left_frontal,EMU2496_Day01_1,22672.585937,0.8185223937034607,T5,T5,,P4,,EMU2496_Day01_1,1161,left,frontal,3898.148437,66902.972656,22672.585937,0.8185223937034607,0.8176992535591125,0.008980042301118374,0.24681368470191956,0.8011570572853088,0.8729950785636902,0.4867187738418579,0.5696405172348022,0.8640419244766235,0.686156690120697,0.008980042301118374,0.8644939064979553,0.8784294724464417,0.6820690631866455,0.9599061012268066,0.24681368470191956,0.8679478168487549,0.9455676078796387,0.4122757613658905,0.3404374122619629
89,EMU2480_Day01_1_10971.4492.edf,spike_EMU2480_Day01_1_10971.4492.edf,spike,spike_EMU2480_Day01_1_10971.4492.edf,spike,EMU2480_Day01_1,10971.449218,0.9394477605819702,Fp2,Fp2,0.5708692669868469,Fp1,0.7502582669258118,,,,,,,,,,,,,,,,,,,,,,,,,,,
90,EMU2575_Day01_1_40464.3633.edf,right_frontal_EMU2575_Day01_1_40464.3633.edf,right_frontal,right_frontal_EMU2575_Day01_1_40464.3633.edf,right_frontal,EMU2575_Day01_1,40464.363281,0.8592555522918701,F8,F8,,T4,,EMU2575_Day01_1,1243,right,frontal,4250.863281,59402.566406,40464.363281,0.8592555522918701,0.8552775979042053,0.00992458127439022,0.24049758911132812,0.853296160697937,0.8805534839630127,0.8565261363983154,0.814958930015564,0.773220419883728,0.6243141293525696,0.796195924282074,0.8406578898429871,0.831075131893158,0.6747561693191528,0.3263915479183197,0.8947480320930481,0.00992458127439022,0.24049758911132812,0.7029600739479065,0.8561497330665588
91,EMU1994_Day01_1_30969.8125.edf,left_frontal_EMU1994_Day01_1_30969.8125.edf,left_frontal,left_frontal_EMU1994_Day01_1_30969.8125.edf,left_frontal,EMU1994_Day01_1,30969.8125,0.8473606705665588,C4,C4,,Fp2,,EMU1994_Day01_1,891,left,frontal,30953.375,31211.1875,30969.8125,0.8473606705665588,0.8476787209510803,0.6745161414146423,0.7118760943412781,0.8085367679595947,0.8518118262290955,0.8633191585540771,0.9438313841819764,0.8699248433113098,0.8807188272476196,0.7143082022666931,0.9068979024887084,0.7118760943412781,0.8170335292816162,0.6745161414146423,0.893042802810669,0.8994308114051819,0.7458823323249817,0.8864228129386902,0.9522701501846312
92,EMU1517_Day02_1_65419.4375.edf,right_frontal_EMU1517_Day02_1_65419.4375.edf,right_frontal,right_frontal_EMU1517_Day02_1_65419.4375.edf,right_frontal,EMU1517_Day02_1,65419.4375,0.8002490401268005,Fp2,Fp2,,F8,,EMU1517_Day02_1,456,right,frontal,65156.25,65648.4375,65419.4375,0.8002490401268005,0.8003777861595154,0.458314836025238,0.5512499213218689,0.8131559491157532,0.7106733322143555,0.7991095781326294,0.7898086309432983,0.8060658574104309,0.8369845151901245,0.7970679998397827,0.7842286825180054,0.458314836025238,0.8782907724380493,0.7919909358024597,0.8703733682632446,0.5512499213218689,0.8030368685722351,0.8610595464706421,0.7882192134857178
93,EMU2591_Day01_1_48373.625.edf,spike_EMU2591_Day01_1_48373.6250.edf,spike,spike_EMU2591_Day01_1_48373.6250.edf,spike,EMU2591_Day01_1,48373.625,0.9409063458442688,C3,C3,0.7761685252189636,F4,0.8161233067512512,,,,,,,,,,,,,,,,,,,,,,,,,,,
94,EMU1588_Day03_1_2327.0625.edf,right_frontal_EMU1588_Day03_1_2327.0625.edf,right_frontal,right_frontal_EMU1588_Day03_1_2327.0625.edf,right_frontal,EMU1588_Day03_1,2327.0625,0.8838653564453125,F8,F8,,T4,,EMU1588_Day03_1,459,right,frontal,1992.1875,2648.4375,2327.0625,0.8838653564453125,0.8837604522705078,0.1181598752737045,0.1631496846675872,0.8091030716896057,0.8585096597671509,0.9122896194458008,0.86585932970047,0.8469462394714355,0.8924868702888489,0.8701484799385071,0.930156409740448,0.8133957982063293,0.8880579471588135,0.8422800302505493,0.7548062801361084,0.1181598752737045,0.1631496846675872,0.9011899828910828,0.8853940367698669
95,EMU1588_Day03_1_73573.875.edf,right_frontal_EMU1588_Day03_1_73573.8750.edf,right_frontal,right_frontal_EMU1588_Day03_1_73573.8750.edf,right_frontal,EMU1588_Day03_1,73573.875,0.8520154356956482,T4,T4,,F8,,EMU1588_Day03_1,459,right,frontal,73546.875,73843.75,73573.875,0.8520154356956482,0.8505024909973145,0.0225224066525697,0.0416936911642551,0.8378900289535522,0.8913557529449463,0.7502440810203552,0.8852408528327942,0.8309943675994873,0.8104937672615051,0.8201384544372559,0.7216233611106873,0.6062539219856262,0.928396999835968,0.8711690902709961,0.7668585181236267,0.0416936911642551,0.0225224066525697,0.8836187124252319,0.6390619277954102
96,EMU2487_Day01_1_23059.9844.edf,left_frontal_EMU2487_Day01_1_23059.9844.edf,left_frontal,left_frontal_EMU2487_Day01_1_23059.9844.edf,left_frontal,EMU2487_Day01_1,23059.984375,0.8014581203460693,F8,F8,,P3,,EMU2487_Day01_1,1234,left,frontal,18497.734375,29783.304687,23059.984375,0.8014581203460693,0.8010571599006653,0.4908320903778076,0.49366265535354614,0.8322311043739319,0.5409165620803833,0.6601667404174805,0.49366265535354614,0.9077990651130676,0.7470425367355347,0.7674276828765869,0.6983528733253479,0.8261116743087769,0.7671395540237427,0.6318089962005615,0.8050051927566528,0.4908320903778076,0.5257219076156616,0.5790478587150574,0.7528465986251831
97,EMU1588_Day05_1_663.1562.edf,right_frontal_EMU1588_Day05_1_663.1562.edf,right_frontal,right_frontal_EMU1588_Day05_1_663.1562.edf,right_frontal,EMU1588_Day05_1,663.15625,0.8536489605903625,F8,F8,,T4,,EMU1588_Day05_1,459,right,frontal,503.90625,1281.25,663.15625,0.8536489605903625,0.8537127375602722,0.1174578592181205,0.2827412188053131,0.8378946781158447,0.8687015771865845,0.8672519326210022,0.8780285120010376,0.8024824261665344,0.7887938618659973,0.7226340174674988,0.8899886012077332,0.714504063129425,0.8592243194580078,0.7885626554489136,0.8617067933082581,0.1174578592181205,0.2827412188053131,0.8872456550598145,0.8522129058837891
98,EMU2487_Day01_1_18185.4258.edf,left_frontal_EMU2487_Day01_1_18185.4258.edf,left_frontal,left_frontal_EMU2487_Day01_1_18185.4258.edf,left_frontal,EMU2487_Day01_1,18185.425781,0.8060328364372253,O2,O2,,F8,,EMU2487_Day01_1,1234,left,frontal,18140.863281,18468.953124,18185.425781,0.8060328364372253,0.8137895464897156,0.49997037649154663,0.5335342884063721,0.8537712097167969,0.780500590801239,0.7442710995674133,0.6362075805664062,0.8958713412284851,0.896805465221405,0.7977296113967896,0.7387714385986328,0.8333184123039246,0.6270372271537781,0.74130779504776,0.7028416991233826,0.5335342884063721,0.6379961371421814,0.7511149048805237,0.49997037649154663
99,EMU2487_Day01_1_417.8047.edf,left_frontal_EMU2487_Day01_1_417.8047.edf,left_frontal,left_frontal_EMU2487_Day01_1_417.8047.edf,left_frontal,EMU2487_Day01_1,417.804687,0.8372387886047363,C4,C4,,F3,,EMU2487_Day01_1,1234,left,frontal,2.679687,4487.570312,417.804687,0.8372387886047363,0.7697356343269348,0.20543794333934784,0.4155943691730499,0.783764123916626,0.4155943691730499,0.8886064887046814,0.7662986516952515,0.6564671993255615,0.6639483571052551,0.47983264923095703,0.732222318649292,0.6535268425941467,0.6024147868156433,0.20543794333934784,0.7525386214256287,0.6953743100166321,0.5081031918525696,0.7651280760765076,0.5236636996269226
100,EMU2591_Day01_1_37657.4375.edf,spike_EMU2591_Day01_1_37657.4375.edf,spike,spike_EMU2591_Day01_1_37657.4375.edf,spike,EMU2591_Day01_1,37657.4375,0.9389771819114684,C4,C4,0.7990466356277466,T4,0.8223395943641663,,,,,,,,,,,,,,,,,,,,,,,,,,,
101,EMU2591_Day01_1_38385.625.edf,spike_EMU2591_Day01_1_38385.6250.edf,spike,spike_EMU2591_Day01_1_38385.6250.edf,spike,EMU2591_Day01_1,38385.625,0.962263822555542,Fp1,Fp1,0.8591585755348206,O1,0.8742691278457642,,,,,,,,,,,,,,,,,,,,,,,,,,,
102,EMU2594_Day01_1_7398.7578.edf,left_frontal_EMU2594_Day01_1_7398.7578.edf,left_frontal,left_frontal_EMU2594_Day01_1_7398.7578.edf,left_frontal,EMU2594_Day01_1,7398.757812,0.8097454309463501,T3,T3,,F3,,EMU2594_Day01_1,1144,left,frontal,2.320312,40538.492187,7398.757812,0.8097454309463501,0.807758092880249,0.34671106934547424,0.5211392641067505,0.8179162740707397,0.5211392641067505,0.7761377692222595,0.8694278597831726,0.5226571559906006,0.34671106934547424,0.8440995216369629,0.7285988926887512,0.7470276951789856,0.8018407821655273,0.8079051375389099,0.6294422745704651,0.5989752411842346,0.5991467237472534,0.9280257821083069,0.8402641415596008
103,EMU2535_Day01_1_18693.8438.edf,left_frontal_EMU2535_Day01_1_18693.8438.edf,left_frontal,left_frontal_EMU2535_Day01_1_18693.8438.edf,left_frontal,EMU2535_Day01_1,18693.84375,0.8037247061729431,F7,F7,,F4,,EMU2535_Day01_1,1068,left,frontal,16243.15625,54111.589843,18693.84375,0.8037247061729431,0.8309944272041321,0.4854206144809723,0.5168179869651794,0.8254507184028625,0.6427097916603088,0.7381070852279663,0.8107423186302185,0.4854206144809723,0.6776443719863892,0.8010372519493103,0.7678143978118896,0.7019556164741516,0.5168179869651794,0.785651445388794,0.8361077308654785,0.5588205456733704,0.8233736157417297,0.8789671659469604,0.7219827771186829
104,EMU2591_Day01_1_42168.1875.edf,spike_EMU2591_Day01_1_42168.1875.edf,spike,spike_EMU2591_Day01_1_42168.1875.edf,spike,EMU2591_Day01_1,42168.1875,0.9239705801010132,P3,P3,0.8139691352844238,F4,0.8246332406997681,,,,,,,,,,,,,,,,,,,,,,,,,,,
105,EMU1588_Day01_1_20135.125.edf,right_frontal_EMU1588_Day01_1_20135.1250.edf,right_frontal,right_frontal_EMU1588_Day01_1_20135.1250.edf,right_frontal,EMU1588_Day01_1,20135.125,0.8250862956047058,T4,T4,,F8,,EMU1588_Day01_1,459,right,frontal,20023.4375,20531.25,20135.125,0.8250862956047058,0.8249912858009338,0.1204495280981063,0.2753508985042572,0.4649454355239868,0.8175972104072571,0.8859888315200806,0.8803938031196594,0.5352643132209778,0.624236524105072,0.8489149808883667,0.7217328548431396,0.3407957553863525,0.7382634282112122,0.8013599514961243,0.8615831732749939,0.2753508985042572,0.1204495280981063,0.6430352330207825,0.8232401609420776
106,EMU1588_Day06_1_2732.0312.edf,right_frontal_EMU1588_Day06_1_2732.0312.edf,right_frontal,right_frontal_EMU1588_Day06_1_2732.0312.edf,right_frontal,EMU1588_Day06_1,2732.03125,0.8618529438972473,F8,F8,,Fp2,,EMU1588_Day06_1,459,right,frontal,2238.28125,2941.40625,2732.03125,0.8618529438972473,0.861859142780304,0.521567165851593,0.6204339861869812,0.8822216391563416,0.8501994013786316,0.7418075799942017,0.8995530009269714,0.9113544821739196,0.8229259252548218,0.7711957097053528,0.7698397636413574,0.6204339861869812,0.8993059396743774,0.8281938433647156,0.847190797328949,0.521567165851593,0.7171509861946106,0.7734684348106384,0.6670810580253601
107,EMU2591_Day01_1_48069.edf,spike_EMU2591_Day01_1_48069.0000.edf,spike,spike_EMU2591_Day01_1_48069.0000.edf,spike,EMU2591_Day01_1,48069.0,0.9196979999542236,F3,F3,0.5319724678993225,O1,0.7413342595100403,,,,,,,,,,,,,,,,,,,,,,,,,,,
108,EMU2535_Day01_1_25532.5938.edf,left_frontal_EMU2535_Day01_1_25532.5938.edf,left_frontal,left_frontal_EMU2535_Day01_1_25532.5938.edf,left_frontal,EMU2535_Day01_1,25532.59375,0.8017793297767639,F7,F7,,F4,,EMU2535_Day01_1,1068,left,frontal,16243.15625,54111.589843,25532.59375,0.8017793297767639,0.8058120608329773,0.3940888047218323,0.4289597272872925,0.8036174178123474,0.584432065486908,0.621838390827179,0.8721137046813965,0.3940888047218323,0.7609138488769531,0.8381077647209167,0.6761612296104431,0.5648488998413086,0.4289597272872925,0.699743390083313,0.7843658328056335,0.8604338765144348,0.6998525857925415,0.8374549746513367,0.9131831526756287
109,EMU2591_Day01_1_41387.3125.edf,spike_EMU2591_Day01_1_41387.3125.edf,spike,spike_EMU2591_Day01_1_41387.3125.edf,spike,EMU2591_Day01_1,41387.3125,0.8393726348876953,P4,P4,0.6278058290481567,O2,0.6379445195198059,,,,,,,,,,,,,,,,,,,,,,,,,,,
110,EMU2591_Day01_1_36716.5.edf,spike_EMU2591_Day01_1_36716.5000.edf,spike,spike_EMU2591_Day01_1_36716.5000.edf,spike,EMU2591_Day01_1,36716.5,0.9187414050102234,F7,F7,0.7568050026893616,F4,0.7645681500434875,,,,,,,,,,,,,,,,,,,,,,,,,,,
111,EMU0831_Day03_1_67744.25.edf,left_frontal_EMU0831_Day03_1_67744.2500.edf,left_frontal,left_frontal_EMU0831_Day03_1_67744.2500.edf,left_frontal,EMU0831_Day03_1,67744.25,0.8210183382034302,P3,P3,,F8,,EMU0831_Day03_1,80,left,frontal,67523.4375,68195.3125,67744.25,0.8210183382034302,0.8217607140541077,0.0121766962110996,0.5892536044120789,0.7753497362136841,0.7604981064796448,0.9017910957336426,0.0121766962110996,0.8440037369728088,0.8678894639015198,0.8140179514884949,0.8696483373641968,0.7986990213394165,0.7179450392723083,0.8719967007637024,0.6412841081619263,0.5892536044120789,0.7603664398193359,0.7053264379501343,0.871721088886261
112,EMU2591_Day01_1_37593.8125.edf,spike_EMU2591_Day01_1_37593.8125.edf,spike,spike_EMU2591_Day01_1_37593.8125.edf,spike,EMU2591_Day01_1,37593.8125,0.913385570049286,F7,F7,0.5314295887947083,Fp2,0.6666768789291382,,,,,,,,,,,,,,,,,,,,,,,,,,,
113,EMU2591_Day01_1_49331.8125.edf,spike_EMU2591_Day01_1_49331.8125.edf,spike,spike_EMU2591_Day01_1_49331.8125.edf,spike,EMU2591_Day01_1,49331.8125,0.9109528064727784,O1,O1,0.4283565282821655,F4,0.575949490070343,,,,,,,,,,,,,,,,,,,,,,,,,,,
114,EMU2591_Day01_1_16683.125.edf,spike_EMU2591_Day01_1_16683.1250.edf,spike,spike_EMU2591_Day01_1_16683.1250.edf,spike,EMU2591_Day01_1,16683.125,0.988138735294342,F3,F3,0.9206281304359436,F4,0.9429337978363036,,,,,,,,,,,,,,,,,,,,,,,,,,,
115,EMU2591_Day01_1_6667.6016.edf,spike_EMU2591_Day01_1_6667.6016.edf,spike,spike_EMU2591_Day01_1_6667.6016.edf,spike,EMU2591_Day01_1,6667.601562,0.9406983852386476,T4,T4,0.173976719379425,F8,0.6661872267723083,,,,,,,,,,,,,,,,,,,,,,,,,,,
116,EMU2673_Day01_1_40950.4609.edf,spike_EMU2673_Day01_1_40950.4609.edf,spike,spike_EMU2673_Day01_1_40950.4609.edf,spike,EMU2673_Day01_1,40950.460937,0.840665876865387,T6,T6,0.0843313559889793,P3,0.2059364467859268,,,,,,,,,,,,,,,,,,,,,,,,,,,
117,EMU1588_Day06_1_2652.6562.edf,right_frontal_EMU1588_Day06_1_2652.6562.edf,right_frontal,right_frontal_EMU1588_Day06_1_2652.6562.edf,right_frontal,EMU1588_Day06_1,2652.65625,0.8876858949661255,F8,F8,,T4,,EMU1588_Day06_1,459,right,frontal,2238.28125,2941.40625,2652.65625,0.8876858949661255,0.8877106308937073,0.1744775027036667,0.3698137402534485,0.8990694284439087,0.8958999514579773,0.8252816200256348,0.8880574107170105,0.9035329818725586,0.8285038471221924,0.8576173782348633,0.9128744602203368,0.8647277355194092,0.8799872398376465,0.8034538626670837,0.8225425481796265,0.1744775027036667,0.3698137402534485,0.766282320022583,0.887047529220581
118,EMU2480_Day01_1_25183.4883.edf,spike_EMU2480_Day01_1_25183.4883.edf,spike,spike_EMU2480_Day01_1_25183.4883.edf,spike,EMU2480_Day01_1,25183.488281,0.8556364178657532,T6,T6,0.644844114780426,C3,0.6985054016113281,,,,,,,,,,,,,,,,,,,,,,,,,,,
119,EMU2591_Day01_1_35703.875.edf,spike_EMU2591_Day01_1_35703.8750.edf,spike,spike_EMU2591_Day01_1_35703.8750.edf,spike,EMU2591_Day01_1,35703.875,0.9443254470825196,F7,F7,0.7086759209632874,F4,0.7481526732444763,,,,,,,,,,,,,,,,,,,,,,,,,,,
120,EMU2591_Day01_1_35182.5.edf,spike_EMU2591_Day01_1_35182.5000.edf,spike,spike_EMU2591_Day01_1_35182.5000.edf,spike,EMU2591_Day01_1,35182.5,0.9912772178649902,F4,F4,0.9584312438964844,F3,0.9695879220962524,,,,,,,,,,,,,,,,,,,,,,,,,,,
121,EMU2591_Day01_1_35835.3125.edf,spike_EMU2591_Day01_1_35835.3125.edf,spike,spike_EMU2591_Day01_1_35835.3125.edf,spike,EMU2591_Day01_1,35835.3125,0.9170140624046326,F3,F3,0.720643162727356,O1,0.8221853375434875,,,,,,,,,,,,,,,,,,,,,,,,,,,
122,EMU2594_Day01_1_6490.8203.edf,left_frontal_EMU2594_Day01_1_6490.8203.edf,left_frontal,left_frontal_EMU2594_Day01_1_6490.8203.edf,left_frontal,EMU2594_Day01_1,6490.820312,0.8070239424705505,T3,T3,,C3,,EMU2594_Day01_1,1144,left,frontal,2.320312,40538.492187,6490.820312,0.8070239424705505,0.8055971264839172,0.5164211392402649,0.5520654916763306,0.7013956904411316,0.8045030236244202,0.5520654916763306,0.8477060198783875,0.7443279027938843,0.5164211392402649,0.8160721659660339,0.7654312252998352,0.8082470893859863,0.6939387917518616,0.7560888528823853,0.6765775680541992,0.7631914615631104,0.6916335821151733,0.8882205486297607,0.8962886929512024
123,EMU2480_Day01_1_5606.9492.edf,spike_EMU2480_Day01_1_5606.9492.edf,spike,spike_EMU2480_Day01_1_5606.9492.edf,spike,EMU2480_Day01_1,5606.949218,0.848109245300293,T5,T5,0.4064627885818481,T6,0.6366112232208252,,,,,,,,,,,,,,,,,,,,,,,,,,,
124,EMU0844_Day07_1_6357.9688.edf,left_frontal_EMU0844_Day07_1_6357.9688.edf,left_frontal,left_frontal_EMU0844_Day07_1_6357.9688.edf,left_frontal,EMU0844_Day07_1,6357.96875,0.83193039894104,T6,T6,,F8,,EMU0844_Day07_1,6,left,frontal,6089.84375,6929.6875,6357.96875,0.83193039894104,0.8333388566970825,0.0048438510857522,0.3751004636287689,0.9153501391410828,0.4996862709522247,0.5034615397453308,0.5860010385513306,0.7087345719337463,0.5444769263267517,0.9600538611412048,0.9245682954788208,0.9483004808425904,0.4312027990818023,0.405712217092514,0.9332810044288636,0.3751004636287689,0.9253911375999452,0.0048438510857522,0.9115684032440186
125,EMU2591_Day01_1_34625.75.edf,spike_EMU2591_Day01_1_34625.7500.edf,spike,spike_EMU2591_Day01_1_34625.7500.edf,spike,EMU2591_Day01_1,34625.75,0.9646390080451964,Fp2,Fp2,0.8912100195884705,F3,0.8923323154449463,,,,,,,,,,,,,,,,,,,,,,,,,,,
126,EMU0971_Day01_1_67123.8438.edf,spike_EMU0971_Day01_1_67123.8438.edf,spike,spike_EMU0971_Day01_1_67123.8438.edf,spike,EMU0971_Day01_1,67123.84375,0.8733108043670654,T5,T5,0.6870720386505127,P4,0.7198845744132996,,,,,,,,,,,,,,,,,,,,,,,,,,,
127,EMU2672_Day01_1_437.0664.edf,left_frontal_EMU2672_Day01_1_437.0664.edf,left_frontal,left_frontal_EMU2672_Day01_1_437.0664.edf,left_frontal,EMU2672_Day01_1,437.06640600000003,0.8012257814407349,Fp1,Fp1,,C4,,EMU2672_Day01_1,1291,left,frontal,9.628906,468.355468,437.06640600000003,0.8012257814407349,0.8433725237846375,0.31616532802581787,0.3691946864128113,0.31616532802581787,0.7442201375961304,0.8638801574707031,0.8578682541847229,0.8149015307426453,0.629724383354187,0.8504239916801453,0.8548111319541931,0.896819531917572,0.7516454458236694,0.3691946864128113,0.8898047804832458,0.9374138116836548,0.7260264754295349,0.6598897576332092,0.6702059507369995
128,EMU1588_Day06_1_2882.6562.edf,right_frontal_EMU1588_Day06_1_2882.6562.edf,right_frontal,right_frontal_EMU1588_Day06_1_2882.6562.edf,right_frontal,EMU1588_Day06_1,2882.65625,0.8909296989440918,F8,F8,,T4,,EMU1588_Day06_1,459,right,frontal,2238.28125,2941.40625,2882.65625,0.8909296989440918,0.8907908797264099,0.0439484007656574,0.4772537052631378,0.8652182817459106,0.7927687764167786,0.8589267134666443,0.802185595035553,0.895823061466217,0.876654326915741,0.9178165197372437,0.8991272449493408,0.6330395936965942,0.8408587574958801,0.915635585784912,0.7647824287414551,0.0439484007656574,0.4772537052631378,0.8643431067466736,0.877713143825531
129,EMU2594_Day01_1_10168.4453.edf,left_frontal_EMU2594_Day01_1_10168.4453.edf,left_frontal,left_frontal_EMU2594_Day01_1_10168.4453.edf,left_frontal,EMU2594_Day01_1,10168.445312,0.8024886250495911,F8,F8,,Fp2,,EMU2594_Day01_1,1144,left,frontal,2.320312,40538.492187,10168.445312,0.8024886250495911,0.8095537424087524,0.022286415100097656,0.3493458926677704,0.8168777227401733,0.8250420689582825,0.8534114360809326,0.9218974113464355,0.8912415504455566,0.5995886325836182,0.8015002012252808,0.7618305683135986,0.3493458926677704,0.6588048338890076,0.7900446057319641,0.8456387519836426,0.022286415100097656,0.6678498387336731,0.7710438966751099,0.7866461873054504
130,EMU1994_Day01_1_31021.5.edf,left_frontal_EMU1994_Day01_1_31021.5000.edf,left_frontal,left_frontal_EMU1994_Day01_1_31021.5000.edf,left_frontal,EMU1994_Day01_1,31021.5,0.903080403804779,Fp1,Fp1,,T6,,EMU1994_Day01_1,891,left,frontal,30953.375,31211.1875,31021.5,0.903080403804779,0.9032214879989624,0.5697436928749084,0.7928912043571472,0.5697436928749084,0.8519967198371887,0.8506885766983032,0.8871654272079468,0.795933187007904,0.8385487198829651,0.9270833730697632,0.940770387649536,0.9454128742218018,0.8294447660446167,0.8200105428695679,0.9241920113563538,0.929336428642273,0.9277690052986144,0.7928912043571472,0.8898859024047852
131,EMU1994_Day01_1_31150.875.edf,left_frontal_EMU1994_Day01_1_31150.8750.edf,left_frontal,left_frontal_EMU1994_Day01_1_31150.8750.edf,left_frontal,EMU1994_Day01_1,31150.875,0.8322117328643799,Fp1,Fp1,,F4,,EMU1994_Day01_1,891,left,frontal,30953.375,31211.1875,31150.875,0.8322117328643799,0.8319621086120605,0.6447306275367737,0.6463708877563477,0.6447306275367737,0.8249580264091492,0.7333970069885254,0.9169352650642396,0.8567145466804504,0.8726688027381897,0.8995683789253235,0.8171301484107971,0.7853256464004517,0.6463708877563477,0.8218287229537964,0.8405159711837769,0.8419447541236877,0.8255101442337036,0.8634386658668518,0.8554972410202026
132,EMU2591_Day01_1_37897.0625.edf,spike_EMU2591_Day01_1_37897.0625.edf,spike,spike_EMU2591_Day01_1_37897.0625.edf,spike,EMU2591_Day01_1,37897.0625,0.976362407207489,C4,C4,0.8018006086349487,F3,0.8331725001335144,,,,,,,,,,,,,,,,,,,,,,,,,,,
133,EMU2535_Day01_1_678.2578.edf,left_frontal_EMU2535_Day01_1_678.2578.edf,left_frontal,left_frontal_EMU2535_Day01_1_678.2578.edf,left_frontal,EMU2535_Day01_1,678.2578120000001,0.8077015280723572,Fp2,Fp2,,O1,,EMU2535_Day01_1,1068,left,frontal,507.070312,841.437499,678.2578120000001,0.8077015280723572,0.8515202403068542,0.0350385010242462,0.282248318195343,0.8120941519737244,0.8326938152313232,0.7636826038360596,0.7256941199302673,0.737112283706665,0.7745175361633301,0.834850013256073,0.282248318195343,0.0350385010242462,0.8288707733154297,0.684662938117981,0.8063646554946899,0.8501245379447937,0.6231402158737183,0.9109781980514526,0.7817317843437195
134,EMU2594_Day01_1_7219.8828.edf,left_frontal_EMU2594_Day01_1_7219.8828.edf,left_frontal,left_frontal_EMU2594_Day01_1_7219.8828.edf,left_frontal,EMU2594_Day01_1,7219.882812,0.8071683049201965,C3,C3,,F4,,EMU2594_Day01_1,1144,left,frontal,2.320312,40538.492187,7219.882812,0.8071683049201965,0.8077324032783508,0.4147477447986603,0.5621122121810913,0.7906554937362671,0.8612617254257202,0.4147477447986603,0.8516482710838318,0.803020179271698,0.5926156044006348,0.7988960146903992,0.839414656162262,0.8962900638580322,0.5621122121810913,0.7750828266143799,0.6909697651863098,0.6950376629829407,0.665081262588501,0.7825676798820496,0.74869304895401
135,EMU1517_Day04_1_56093.5938.edf,right_frontal_EMU1517_Day04_1_56093.5938.edf,right_frontal,right_frontal_EMU1517_Day04_1_56093.5938.edf,right_frontal,EMU1517_Day04_1,56093.59375,0.907776951789856,F8,F8,,F3,,EMU1517_Day04_1,456,right,frontal,55183.59375,56156.25,56093.59375,0.907776951789856,0.907802402973175,0.670602560043335,0.7192348837852478,0.8251702189445496,0.7192348837852478,0.9114479422569276,0.913995921611786,0.8308541774749756,0.8989394307136536,0.904849112033844,0.9139220118522644,0.7631866335868835,0.8009352087974548,0.8957936763763428,0.9432206153869628,0.670602560043335,0.7260012030601501,0.877934992313385,0.9474697113037108
136,EMU2575_Day01_1_26.6953.edf,right_frontal_EMU2575_Day01_1_26.6953.edf,right_frontal,right_frontal_EMU2575_Day01_1_26.6953.edf,right_frontal,EMU2575_Day01_1,26.695312,0.9092281460762024,P3,P3,,F4,,EMU2575_Day01_1,1243,right,frontal,2.570312,137.171874,26.695312,0.9092281460762024,0.9064262509346008,0.248558297753334,0.4796079099178314,0.947096824645996,0.9038796424865724,0.8927080631256104,0.248558297753334,0.9466919302940368,0.8752758502960205,0.9117237329483032,0.901939868927002,0.947426736354828,0.4796079099178314,0.8262228965759277,0.9308089017868042,0.8215336799621582,0.9388939142227172,0.9777035117149352,0.8438250422477722
137,EMU0971_Day01_1_44853.5625.edf,spike_EMU0971_Day01_1_44853.5625.edf,spike,spike_EMU0971_Day01_1_44853.5625.edf,spike,EMU0971_Day01_1,44853.5625,0.8536925315856934,T5,T5,0.4228823781013489,O2,0.6959947943687439,,,,,,,,,,,,,,,,,,,,,,,,,,,
138,EMU2480_Day01_1_53530.5508.edf,spike_EMU2480_Day01_1_53530.5508.edf,spike,spike_EMU2480_Day01_1_53530.5508.edf,spike,EMU2480_Day01_1,53530.550781,0.8792693614959717,O2,O2,0.0438026674091815,T6,0.0800724625587463,,,,,,,,,,,,,,,,,,,,,,,,,,,
139,EMU1994_Day01_1_30992.875.edf,left_frontal_EMU1994_Day01_1_30992.8750.edf,left_frontal,left_frontal_EMU1994_Day01_1_30992.8750.edf,left_frontal,EMU1994_Day01_1,30992.875,0.8690098524093628,Fp1,Fp1,,F4,,EMU1994_Day01_1,891,left,frontal,30953.375,31211.1875,30992.875,0.8690098524093628,0.8687245845794678,0.683961808681488,0.7586994171142578,0.683961808681488,0.8415061831474304,0.8767465949058533,0.9458984732627868,0.7667767405509949,0.8211837410926819,0.9015053510665894,0.8413354754447937,0.910768747329712,0.7586994171142578,0.8250536918640137,0.9474208354949952,0.905225396156311,0.8744350075721741,0.9219092130661012,0.9007392525672911
140,EMU2672_Day01_1_350.3164.edf,left_frontal_EMU2672_Day01_1_350.3164.edf,left_frontal,left_frontal_EMU2672_Day01_1_350.3164.edf,left_frontal,EMU2672_Day01_1,350.31640600000003,0.8267472982406616,P3,P3,,O2,,EMU2672_Day01_1,1291,left,frontal,9.628906,468.355468,350.31640600000003,0.8267472982406616,0.7636779546737671,0.19671553373336792,0.38349100947380066,0.9445618987083435,0.4294576048851013,0.8443060517311096,0.19671553373336792,0.8465533256530762,0.6441965699195862,0.7012876868247986,0.7036229968070984,0.861905574798584,0.7766686081886292,0.8039612174034119,0.7364579439163208,0.9241735935211182,0.9186444282531738,0.5187783241271973,0.38349100947380066
